{"cameraMode":{"drawMode":0,"name":"Shaded","section":"Shading Mode"},"sceneLighting":true,"audioPlay":false,"sceneViewState":{"m_AlwaysRefresh":false,"showFog":true,"showSkybox":true,"showFlares":true,"showImageEffects":true,"showParticleSystems":true,"showVisualEffectGraphs":true,"m_FxEnabled":true},"in2DMode":false,"pivot":{"x":13.942084312438965,"y":0.7893044948577881,"z":-25.336200714111329},"rotation":{"x":0.01835094578564167,"y":0.9634162187576294,"z":-0.06833605468273163,"w":0.25885576009750368},"size":21.48673439025879,"orthographic":false}